Sheduler,Servers energy,Total energy,Task count
Green,62.700000,222.700000,14718
RoundRobin,141.400000,301.400000,14718
Random,137.700000,297.700000,14718
HEROS,66.200000,226.200000,14718
RandDENS,3.500000,163.500000,14718
BestDENS,62.900000,222.900000,14718
