Server count,Servers energy,Total energy
1,2.200000,159.100000
3,3.200000,160.100000
5,5.800000,162.700000
7,7.100000,164.000000
9,9.500000,166.400000
